{
    "image_height": 792,
    "image_width": 612,
    "image_path": "image/document_2_2.png",
    "paragraph": [
        [
            93.264,
            75.67999999999995,
            288.836,
            93.67999999999995
        ],
        [
            139.7,
            101.0,
            242.43800000000002,
            119.0
        ]
    ],
    "header": [
        [
            184.22,
            37.850880000000075,
            430.1788,
            48.89088000000004
        ]
    ],
    "footer": [
        [
            207.53,
            745.13088,
            407.0188,
            756.17088
        ]
    ]
}