{
    "image_height": 792,
    "image_width": 612,
    "image_path": "image/document_2_1.png",
    "title": [
        [
            108.26,
            73.73264000000006,
            291.35563999999994,
            87.77264000000002
        ],
        [
            125.42,
            92.21264000000008,
            291.38684000000006,
            106.25264000000004
        ],
        [
            116.06,
            110.8126400000001,
            291.40556000000004,
            124.85264000000006
        ],
        [
            138.74,
            129.29264,
            291.56,
            143.33263999999997
        ],
        [
            95.784,
            147.77264000000002,
            291.41736,
            161.81264
        ],
        [
            167.9,
            166.25264000000004,
            291.56,
            180.29264
        ],
        [
            132.74,
            184.85264000000006,
            291.43412,
            198.89264000000003
        ],
        [
            245.69,
            203.33264000000008,
            291.56,
            217.37264000000005
        ],
        [
            119.78,
            221.8126400000001,
            291.54499999999996,
            235.85264000000006
        ],
        [
            96.504,
            240.4426400000001,
            291.44939999999997,
            254.48264000000006
        ],
        [
            101.06,
            307.04264,
            291.4143200000001,
            321.08264
        ],
        [
            255.77,
            325.64264,
            291.56,
            339.68264
        ],
        [
            113.3,
            344.12264,
            291.3974,
            358.16264
        ],
        [
            106.34,
            362.60264,
            293.83880000000005,
            376.64264000000003
        ],
        [
            92.064,
            577.45264,
            250.04863999999998,
            591.4926399999999
        ],
        [
            110.06,
            595.93264,
            154.6088,
            609.97264
        ],
        [
            92.064,
            614.53264,
            265.6388,
            628.57264
        ],
        [
            92.064,
            633.01264,
            280.03808000000004,
            647.05264
        ],
        [
            110.06,
            651.4926399999999,
            286.27880000000005,
            665.53264
        ]
    ],
    "paragraph": [
        [
            96.264,
            259.06088,
            290.47880000000004,
            270.10087999999996
        ],
        [
            94.584,
            273.82088,
            290.4004799999999,
            284.86088
        ],
        [
            128.3,
            288.56264,
            291.53347999999994,
            302.60264
        ],
        [
            158.54,
            551.422,
            221.8388,
            563.422
        ],
        [
            326.35,
            341.402,
            522.2488000000001,
            353.402
        ],
        [
            360.79,
            394.01,
            393.86199999999997,
            406.01
        ],
        [
            360.79,
            425.95000000000005,
            391.12504,
            436.99
        ],
        [
            360.79,
            452.83000000000004,
            388.00360000000006,
            463.87
        ],
        [
            360.79,
            466.27000000000004,
            396.64792000000006,
            477.31
        ],
        [
            360.79,
            479.71000000000004,
            371.56504,
            490.75
        ],
        [
            360.79,
            493.03000000000003,
            391.12504,
            504.07
        ],
        [
            360.79,
            533.35,
            396.30568000000005,
            544.39
        ],
        [
            360.79,
            546.79,
            389.42776000000003,
            557.8299999999999
        ],
        [
            360.79,
            560.23,
            403.00696000000005,
            571.27
        ],
        [
            360.79,
            573.7,
            399.75016000000005,
            584.74
        ],
        [
            360.79,
            587.14,
            372.77944,
            598.18
        ],
        [
            360.79,
            600.58,
            396.64792000000006,
            611.62
        ],
        [
            360.79,
            614.02,
            371.56504,
            625.06
        ],
        [
            360.79,
            627.34,
            391.12504,
            638.38
        ],
        [
            412.87,
            394.01,
            445.342,
            406.01
        ],
        [
            412.87,
            408.67,
            454.252,
            420.67
        ],
        [
            412.87,
            425.95000000000005,
            443.20504,
            436.99
        ],
        [
            467.38,
            394.01,
            517.0840000000001,
            406.01
        ],
        [
            467.38,
            408.67,
            488.092,
            420.67
        ],
        [
            467.38,
            425.95000000000005,
            497.71504000000004,
            436.99
        ],
        [
            412.87,
            452.83000000000004,
            443.20504,
            463.87
        ],
        [
            467.38,
            452.83000000000004,
            497.71504000000004,
            463.87
        ],
        [
            412.87,
            493.03000000000003,
            456.23512,
            504.07
        ],
        [
            412.87,
            506.47,
            423.28504000000004,
            517.51
        ],
        [
            412.87,
            533.35,
            443.20504,
            544.39
        ],
        [
            467.38,
            493.03000000000003,
            518.5062399999999,
            504.07
        ],
        [
            467.38,
            506.47,
            512.7433599999999,
            517.51
        ],
        [
            467.38,
            519.9100000000001,
            510.31504,
            530.95
        ],
        [
            467.38,
            533.35,
            497.71504000000004,
            544.39
        ],
        [
            412.87,
            627.34,
            443.20504,
            638.38
        ],
        [
            467.38,
            627.34,
            497.71504000000004,
            638.38
        ],
        [
            360.79,
            654.22,
            391.12504,
            665.26
        ],
        [
            412.87,
            654.22,
            437.68504,
            665.26
        ],
        [
            467.38,
            654.22,
            497.71504000000004,
            665.26
        ],
        [
            324.07,
            394.01,
            348.514,
            406.01
        ],
        [
            324.07,
            408.67,
            332.902,
            420.67
        ],
        [
            324.07,
            425.95000000000005,
            346.44808,
            436.99
        ],
        [
            324.07,
            439.39000000000004,
            332.08504,
            450.43
        ],
        [
            324.07,
            452.83000000000004,
            346.44808,
            463.87
        ],
        [
            324.07,
            466.27000000000004,
            332.08504,
            477.31
        ],
        [
            324.07,
            493.03000000000003,
            346.44808,
            504.07
        ],
        [
            324.07,
            506.47,
            332.08504,
            517.51
        ],
        [
            324.07,
            533.35,
            346.44808,
            544.39
        ],
        [
            324.07,
            546.79,
            332.08504,
            557.8299999999999
        ],
        [
            324.07,
            627.34,
            346.44808,
