{
    "image_height": 612,
    "image_width": 792,
    "image_path": "image/document_10_4.png",
    "paragraph": [
        [
            90.024,
            74.81000000000006,
            170.47304,
            88.85000000000002
        ],
        [
            90.024,
            90.67088000000001,
            252.0788,
            101.71087999999997
        ],
        [
            90.024,
            111.43088,
            229.3688,
            122.47087999999997
        ],
        [
            90.024,
            132.19088,
            234.0488,
            143.23087999999996
        ],
        [
            90.024,
            152.95088000000004,
            173.56879999999998,
            163.99088
        ],
        [
            90.024,
            173.83088000000004,
            196.4888,
            184.87088
        ],
        [
            90.024,
            194.62088,
            231.5288,
            205.66087999999996
        ],
        [
            90.024,
            215.38088000000005,
            202.6088,
            226.42088
        ],
        [
            90.024,
            238.88263999999998,
            705.0883199999996,
            252.92264
        ],
        [
            90.024,
            257.48264,
            151.68768,
            271.52264
        ],
        [
            664.03536,
            257.48264,
            705.61,
            271.52264
        ],
        [
            90.024,
            275.96264,
            705.0040799999998,
            290.00264000000004
        ],
        [
            669.3143999999999,
            294.44264,
            705.61,
            308.48264
        ],
        [
            386.56283999999994,
            294.44264,
            422.5894799999999,
            308.48264
        ],
        [
            90.024,
            294.44264,
            139.83792,
            308.48264
        ],
        [
            90.024,
            312.94264,
            705.2112799999998,
            326.98264
        ],
        [
            650.2901999999999,
            331.54264,
            705.61,
            345.58264
        ],
        [
            90.024,
            331.54264,
            180.04847999999998,
            345.58264
        ],
        [
            90.024,
            350.02264,
            705.1725599999999,
            364.06264
        ],
        [
            90.024,
            368.50264,
            329.1188,
            382.54264
        ],
        [
            331.6102799999999,
            331.54264,
            413.2809599999998,
            345.58264
        ],
        [
            536.3415599999998,
            331.54264,
            607.7349599999999,
            345.58264
        ],
        [
            222.60371999999998,
            331.54264,
            289.0550399999999,
            345.58264
        ],
        [
            375.58356,
            257.48264,
            440.13948,
            271.52264
        ],
        [
            455.86427999999984,
            331.54264,
            493.7863199999998,
            345.58264
        ]
    ],
    "header": [
        [
            360.41,
            37.850880000000075,
            434.1388,
            48.89088000000004
        ]
    ],
    "footer": [
        [
            321.89,
            565.10688,
            472.65880000000004,
            576.14688
        ]
    ]
}