{
    "image_height": 792,
    "image_width": 612,
    "image_path": "image/document_3_4.png",
    "title": [
        [
            90.024,
            76.19000000000005,
            206.156,
            97.19000000000005
        ]
    ],
    "paragraph": [
        [
            412.29736,
            73.73264000000006,
            461.39523999999994,
            87.77264000000002
        ],
        [
            421.69012,
            92.21264000000008,
            466.32328,
            106.25264000000004
        ],
        [
            430.08604,
            110.8126400000001,
            468.00808,
            124.85264000000006
        ],
        [
            324.07,
            73.73264000000006,
            386.548,
            87.77264000000002
        ],
        [
            324.07,
            92.21264000000008,
            394.00324,
            106.25264000000004
        ],
        [
            324.07,
            110.8126400000001,
            414.29103999999995,
            124.85264000000006
        ],
        [
            324.07,
            129.29264,
            362.76424,
            143.33263999999997
        ],
        [
            385.38268,
            129.29264,
            440.8126,
            143.33263999999997
        ],
        [
            324.07,
            147.77264000000002,
            434.0188,
            161.81264
        ],
        [
            487.13055999999995,
            73.73264000000006,
            525.4316799999999,
            87.77264000000002
        ],
        [
            494.12248,
            92.21264000000008,
            525.45976,
            106.25264000000004
        ],
        [
            483.80308,
            110.8126400000001,
            525.43168,
            124.85264000000006
        ],
        [
            463.44507999999996,
            129.29264,
            525.5299600000001,
            143.33263999999997
        ],
        [
            90.024,
            100.51088000000004,
            166.6088,
            111.55088
        ],
        [
            90.024,
            121.27088000000003,
            249.5588,
            132.31088
        ],
        [
            90.024,
            142.03088000000002,
            246.6788,
            153.07088
        ],
        [
            90.024,
            162.79088000000002,
            226.9988,
            173.83087999999998
        ],
        [
            90.024,
            183.67088,
            270.3188,
            194.71087999999997
        ],
        [
            90.024,
            204.43088,
            246.1988,
            215.47087999999997
        ],
        [
            90.024,
            225.19088,
            243.1988,
            236.23087999999996
        ],
        [
            90.024,
            245.98088000000007,
            185.6888,
            257.02088000000003
        ],
        [
            90.024,
            266.74088000000006,
            253.3988,
            277.78088
        ],
        [
            90.024,
            287.62088,
            189.7688,
            298.66087999999996
        ],
        [
            90.024,
            308.38088000000005,
            235.9988,
            319.42088
        ],
        [
            90.024,
            329.14088000000004,
            232.15879999999999,
            340.18088
        ],
        [
            90.024,
            349.90088000000003,
            226.9988,
            360.94088
        ],
        [
            90.024,
            370.66088,
            265.03880000000004,
            381.70088
        ],
        [
            90.024,
            391.54088,
            205.5188,
            402.58088
        ],
        [
            173.37948,
            415.06264,
            226.2822,
            429.10264
        ],
        [
            255.51348,
            415.06264,
            291.39972,
            429.10264
        ],
        [
            90.024,
            415.06264,
            144.02184,
            429.10264
        ],
        [
            90.024,
            433.54264,
            291.43387999999993,
            447.58264
        ],
        [
            90.024,
            452.02263999999997,
            155.68908,
            466.06264
        ],
        [
            186.84384,
            452.02263999999997,
            291.45588,
            466.06264
        ],
        [
            90.024,
            470.62264,
            291.3997199999999,
            484.66264
        ],
        [
            90.024,
            489.10264,
            156.96672,
            503.14264000000003
        ],
        [
            237.57036,
            489.10264,
            291.56,
            503.14264000000003
        ],
        [
            181.64904,
            489.10264,
            212.88804,
            503.14264000000003
        ],
        [
            90.024,
            507.58263999999997,
            291.41375999999997,
            521.62264
        ],
        [
            90.024,
            526.18264,
            291.3576,
            540.22264
        ],
        [
            90.024,
            544.66264,
            140.77859999999998,
            558.70264
        ],
        [
            225.63635999999997,
            544.66264,
            291.39971999999995,
            558.70264
        ],
        [
            90.024,
            563.14264,
            291.56,
            577.18264
        ],
        [
            90.024,
            581.65264,
            129.18156,
            595.69264
        ],
        [
            261.5366399999999,
            581.65264,
            291.42779999999993,
            595.69264
        ],
        [
            155.64695999999998,
            581.65264,
            235.05719999999994,
            595.69264
        ],
        [
            246.05,
            600.2526399999999,
            291.52556,
            614.29264
        ],
        [
            90.024,
            600.2526399999999,
            178.93932,
            614.29264
        ],
        [
            248.56367999999998,
            618.73264,
            291.41376,
            632.77264
        ],
        [
            90.024,
            618.73264,
            228.68303999999998,
            632.77264
        ],
        [
            90.024,
            637.21264,
            291.41376,
            651.2526399999999
        ],
        [
            90.024,
            655.69264,
            135.40127999999999,
            669.73264
        ],
        [
            228.13547999999997,
            655.69264,
            291.56,
            669.73264
        ],
        [
            90.024,
            674.29264,
            291.3435599999999,
            688.33264
        ],
        [
            239.12879999999996,
            692.76864,
            291.44183999999996,
            706.80864
        ],
        [
            90.024,
            692.76864,
            126.177,
            706.80864
        ],
        [
            155.26788,
            692.76864,
            210.00983999999994,
            706.80864
        ],
        [
            159.81683999999998,
            544.66264,
            206.59811999999997,
            558.70264
        ]
    ],
    "header": [
        [
            256.97,
            37.850880000000075,
            357.5788,
            48.89088000000004
        ]
    ],
    "footer": [
        [
            251.57,
            745.13088,
            362.97880000000004,
            756.17088
        ]
    ]
}