{
    "image_height": 792,
    "image_width": 612,
    "image_path": "image/document_1_3.png",
    "paragraph": [
        [
            90.024,
            74.81000000000006,
            170.47304,
            88.85000000000002
        ],
        [
            90.024,
            90.67088000000001,
            270.5588,
            101.71087999999997
        ],
        [
            90.024,
            111.43088,
            167.3288,
            122.47087999999997
        ],
        [
            90.024,
            132.19088,
            242.7188,
            143.23087999999996
        ],
        [
            90.024,
            152.95087999999998,
            218.7188,
            163.99087999999995
        ],
        [
            90.024,
            173.83087999999998,
            197.4788,
            184.87087999999994
        ],
        [
            229.69392,
            234.29264,
            247.22988,
            248.33263999999997
        ],
        [
            314.35511999999994,
            197.33264000000008,
            339.5849999999999,
            211.37264000000005
        ],
        [
            401.61371999999994,
            197.33264000000008,
            428.40204,
            211.37264000000005
        ],
        [
            209.13935999999998,
            197.33264000000008,
            252.34043999999997,
            211.37264000000005
        ],
        [
            90.024,
            197.33264000000008,
            147.23699999999997,
            211.37264000000005
        ],
        [
            490.41672,
            197.33264000000008,
            525.61,
            211.37264000000005
        ],
        [
            90.024,
            215.8126400000001,
            525.0253200000001,
            229.85264000000006
        ],
        [
            90.024,
            234.29264,
            148.7112,
            248.33263999999997
        ],
        [
            442.31567999999993,
            234.29264,
            525.61,
            248.33263999999997
        ],
        [
            90.024,
            252.92264,
            525.2558,
            266.96263999999996
        ],
        [
            494.24963999999994,
            271.40264,
            525.61,
            285.44264000000004
        ],
        [
            90.024,
            271.40264,
            125.32056000000001,
            285.44264000000004
        ],
        [
            90.024,
            289.88264,
            525.61,
            303.92264
        ],
        [
            90.024,
            308.48264,
            525.02532,
            322.52264
        ],
        [
            90.024,
            326.96264,
            308.2388,
            341.00264000000004
        ],
        [
            299.24808,
            271.40264,
            339.12167999999997,
            285.44264000000004
        ],
        [
            195.2538,
            271.40264,
            229.31484,
            285.44264000000004
        ],
        [
            328.2126,
            234.29264,
            361.33295999999996,
            248.33263999999997
        ],
        [
            409.05492,
            271.40264,
            424.30235999999996,
            285.44264000000004
        ]
    ],
    "header": [
        [
            260.45,
            37.850880000000075,
            353.97880000000004,
            48.89088000000004
        ]
    ],
    "footer": [
        [
            239.93,
            745.13088,
            374.6188,
            756.17088
        ]
    ]
}