{
    "image_height": 792,
    "image_width": 612,
    "image_path": "image/document_7_1.png",
    "title": [],
    "paragraph": [
        [
            193.13,
            743.10912,
            421.2988,
            754.1491199999999
        ],
        [
            90.024,
            89.27136,
            208.63392,
            718.2673599999999
        ],
        [
            90.024,
            89.27136,
            208.63392,
            718.2673599999999
        ],
        [
            90.024,
            89.27136,
            208.63392,
            718.2673599999999
        ],
        [
            90.024,
            89.27136,
            208.63392,
            718.2673599999999
        ],
        [
            90.024,
            89.27136,
            208.63392,
            718.2673599999999
        ],
        [
            90.024,
            89.27136,
            208.63392,
            718.2673599999999
        ],
        [
            90.024,
            89.27136,
            208.63392,
            718.2673599999999
        ],
        [
            90.024,
            89.27136,
            208.63392,
            718.2673599999999
        ],
        [
            90.024,
            89.27136,
            208.63392,
            718.2673599999999
        ],
        [
            90.024,
            89.27136,
            208.63392,
            718.2673599999999
        ],
        [
            90.024,
            89.27136,
            208.63392,
            718.2673599999999
        ],
        [
            90.024,
            89.27136,
            208.63392,
            718.2673599999999
        ],
        [
            90.024,
            89.27136,
            208.63392,
            718.2673599999999
        ],
        [
            90.024,
            89.27136,
            208.63392,
            718.2673599999999
        ],
        [
            90.024,
            89.27136,
            208.63392,
            718.2673599999999
        ],
        [
            90.024,
            89.27136,
            208.63392,
            718.2673599999999
        ],
        [
            90.024,
            89.27136,
            208.63392,
            718.2673599999999
        ],
        [
            90.024,
            89.27136,
            208.63392,
            718.2673599999999
        ],
        [
            90.024,
            89.27136,
            208.63392,
            718.2673599999999
        ],
        [
            90.024,
            89.27136,
            208.63392,
            718.2673599999999
        ],
        [
            90.024,
            89.27136,
            208.63392,
            718.2673599999999
        ],
        [
            90.024,
            89.27136,
            208.63392,
            718.2673599999999
        ],
        [
            90.024,
            89.27136,
            208.63392,
            718.2673599999999
        ],
        [
            90.024,
            89.27136,
            208.63392,
            718.2673599999999
        ],
        [
            90.024,
            89.27136,
            208.63392,
            718.2673599999999
        ],
        [
            90.024,
            89.27136,
            208.63392,
            718.2673599999999
        ],
        [
            90.024,
            89.27136,
            208.63392,
            718.2673599999999
        ],
        [
            90.024,
            89.27136,
            208.63392,
            718.2673599999999
        ],
        [
            90.024,
            89.27136,
            208.63392,
            718.2673599999999
        ],
        [
            90.024,
            89.27136,
            208.63392,
            718.2673599999999
        ],
        [
            90.024,
            89.27136,
            208.63392,
            718.2673599999999
        ],
        [
            90.024,
            89.27136,
            208.63392,
            718.2673599999999
        ],
        [
            90.024,
            89.27136,
            208.63392,
            718.2673599999999
        ],
        [
            90.024,
            89.27136,
            208.63392,
            718.2673599999999
        ],
        [
            90.024,
            89.27136,
            208.63392,
            718.2673599999999
        ],
        [
            90.024,
            89.27136,
            208.63392,
            718.2673599999999
        ],
        [
            90.024,
            89.27136,
            208.63392,
            718.2673599999999
        ],
        [
            246.05,
            537.5173599999999,
            367.89880000000005,
            718.2673599999999
        ],
        [
            246.05,
            537.5173599999999,
            367.89880000000005,
            718.2673599999999
        ],
        [
            246.05,
            537.5173599999999,
            367.89880000000005,
            718.2673599999999
        ],
        [
            246.05,
            537.5173599999999,
            367.89880000000005,
            718.2673599999999
        ],
        [
            246.05,
            537.5173599999999,
            367.89880000000005,
            718.2673599999999
        ],
        [
            246.05,
            537.5173599999999,
            367.89880000000005,
            718.2673599999999
        ],
        [
            246.05,
            537.5173599999999,
            367.89880000000005,
            718.2673599999999
        ],
        [
            246.05,
            537.5173599999999,
            367.89880000000005,
            718.2673599999999
        ],
        [
            246.05,
            537.5173599999999,
            367.89880000000005,
            718.2673599999999
        ],
        [
            246.05,
            537.5173599999999,
            367.89880000000005,
            718.2673599999999
        ],
        [
            246.05,
            537.5173599999999,
            367.89880000000005,
            718.2673599999999
        ],
        [
            246.05,
            86.75136,
            369.58,
            522.85912
        ],
        [
            246.05,
            86.75136,
            369.58,
            522.85912
        ],
        [
            246.05,
            86.75136,
            369.58,
            522.85912
        ],
        [
            246.05,
            86.75136,
            369.58,
            522.85912
        ],
        [
            246.05,
            86.75136,
            369.58,
            522.85912
        ],
        [
            246.05,
            86.75136,
            369.58,
            522.85912
        ],
        [
            246.05,
            86.75136,
            369.58,
            522.85912
        ],
        [
            246.05,
            86.75136,
            369.58,
            522.85912
        ],
        [
            246.05,
            86.75136,
            369.58,
            522.85912
        ],
        [
            246.05,
            86.75136,
            369.58,
            522.85912
        ],
        [
            246.05,
            86.75136,
            369.58,
            522.85912
        ],
        [
            246.05,
            86.75136,
            369.58,
            522.85912
        ],
        [
            246.05,
            86.75136,
            369.58,
            522.85912
        ],
        [
            246.05,
            86.75136,
            369.58,
            522.85912
        ],
        [
            246.05,
            86.75136,
            369.58,
            522.85912
        ],
        [
            246.05,
            86.75136,
            369.58,
            522.85912
        ],
        [
            246.05,
            86.75136,
            369.58,
            522.85912
        ],
        [
            246.05,
            86.75136,
            369.58,
            522.85912
        ],
        [
            246.05,
            86.75136,
            369.58,
            522.85912
