{
    "image_height": 612,
    "image_width": 792,
    "image_path": "image/document_10_3.png",
    "title": [
        [
            90.024,
            76.19000000000005,
            224.366,
            97.19000000000005
        ]
    ],
    "paragraph": [
        [
            90.024,
            408.12088,
            124.9688,
            419.16088
        ],
        [
            90.024,
            423.96088,
            124.9688,
            435.00088000000005
        ],
        [
            90.024,
            437.88088,
            124.0088,
            448.92088
        ],
        [
            90.024,
            451.83088,
            124.9688,
            462.87088
        ],
        [
            90.024,
            465.63088,
            181.0088,
            476.67088
        ],
        [
            90.024,
            479.55088,
            124.9688,
            490.59087999999997
        ],
        [
            396.05,
            408.12088,
            431.0188,
            419.16088
        ],
        [
            396.05,
            423.96088,
            428.97880000000004,
            435.00088000000005
        ],
        [
            396.05,
            437.88088,
            416.7388,
            448.92088
        ],
        [
            396.05,
            451.83088,
            428.97880000000004,
            462.87088
        ],
        [
            396.05,
            465.63088,
            455.97880000000004,
            476.67088
        ],
        [
            396.05,
            479.55088,
            422.85880000000003,
            490.59087999999997
        ]
    ],
    "picture": [
        [
            90.0,
            101.51999999999998,
            450.0,
            341.52
        ]
    ],
    "table_signature": [
        [
            90.024,
            380.90200000000004,
            276.65,
            392.90200000000004
        ]
    ],
    "picture_signature": [
        [
            295.13,
            354.98199999999997,
            499.41880000000003,
            366.98199999999997
        ]
    ],
    "header": [
        [
            360.41,
            37.850880000000075,
            434.1388,
            48.89088000000004
        ]
    ],
    "footer": [
        [
            321.89,
            565.10688,
            472.65880000000004,
            576.14688
        ]
    ],
    "formula": [
        [
            295.13,
            354.98199999999997,
            499.41880000000003,
            366.98199999999997
        ],
        [
            85.104,
            406.27,
            390.164,
            419.11
        ],
        [
            90.024,
            406.27,
            385.244,
            419.11
        ],
        [
            391.13,
            406.27,
            696.22,
            419.11
        ],
        [
            396.05,
            406.27,
            691.3,
            419.11
        ],
        [
            84.144,
            405.19001000000003,
            85.10401,
            406.15
        ],
        [
            84.144,
            405.19001000000003,
            85.10401,
            406.15
        ],
        [
            85.104,
            405.19001000000003,
            390.164,
            406.15
        ],
        [
            390.17,
            405.19001000000003,
            391.12999,
            406.15
        ],
        [
            391.13,
            405.19001000000003,
            696.22,
            406.15
        ],
        [
            696.22,
            405.19001000000003,
            697.18002,
            406.15
        ],
        [
            696.22,
            405.19001000000003,
            697.18002,
            406.15
        ],
        [
            84.144,
            406.15,
            85.10401,
            419.11
        ],
        [
            390.17,
            406.15,
            391.12999,
            419.11
        ],
        [
            696.22,
            406.15,
            697.18002,
            419.11
        ],
        [
            85.104,
            422.11,
            389.204,
            435.07
        ],
        [
            90.024,
            422.11,
            385.244,
            435.07
        ],
        [
            391.13,
            422.11,
            696.22,
            435.07
        ],
        [
            396.05,
            422.11,
            691.3,
            435.07
        ],
        [
            84.144,
            419.11,
            85.10401,
            422.11
        ],
        [
            85.104,
            419.11,
            389.084,
            422.11
        ],
        [
            389.09,
            419.11,
            392.09,
            422.11
        ],
        [
            392.09,
            419.11,
            395.09,
            422.11
        ],
        [
            395.09,
            419.11,
            696.22,
            422.11
        ],
        [
            696.22,
            419.11,
            697.18002,
            422.11
        ],
        [
            84.144,
            422.11,
            85.10401,
            435.07
        ],
        [
            389.09,
            422.11,
            392.09,
            435.07
        ],
        [
            696.22,
            422.11,
            697.18002,
            435.07
        ],
        [
            85.104,
            436.03,
            389.204,
            448.87
        ],
        [
            90.024,
            436.03,
            385.244,
            448.87
        ],
        [
            391.01,
            436.03,
            696.22,
            448.87
        ],
        [
            396.05,
            436.03,
            691.3,
            448.87
        ],
        [
            84.144,
            435.06998,
            85.10401,
            436.03
        ],
        [
            85.104,
            435.07,
            389.084,
            435.78999999999996
        ],
        [
            85.104,
            435.78998,
            389.084,
            436.03
        ],
        [
            389.09,
            435.06998,
            392.09,
            436.03
        ],
        [
            392.09,
            435.06998,
            696.22,
            436.03
        ],
        [
            696.22,
            435.06998,
            697.18002,
            436.03
        ],
        [
            84.144,
            436.03,
            85.10401,
            448.87
        ],
        [
            389.09,
            436.03,
            392.09,
            448.87
        ],
        [
            696.22,
            436.03,
            697.18002,
            448.87
        ],
        [
            85.104,
            449.98,
            389.204,
            462.82
        ],
        [
            90.024,
            449.98,
            385.244,
            462.82
        ],
        [
            391.13,
            449.98,
            696.22,
            462.82
        ],
        [
            396.05,
            449.98,
            691.3,
            462.82
        ],
        [
            84.144,
            448.87599,
            85.10401,
            449.86
        ],
        [
            85.104,
            448.87599,
            389.084,
            449.86
        ],
        [
            389.09,
            448.87599,
            392.09,
            449.86
        ],
        [
            392.09,
            448.87599,
            696.22,
            449.86
        ],
        [
            696.22,
            448.87599,
            697.18002,
            449.86
        ],
        [
            84.144,
            449.86,
            85.10401,
            462.82
        ],
        [
            389.09,
            449.86,
            392.09,
            462.82
        ],
        [
            696.22,
            449.86,
            697.18002,
            462.82
        ],
        [
            85.104,
            463.78,
            389.204,
