{
    "image_height": 792,
    "image_width": 612,
    "image_path": "image/document_3_1.png",
    "paragraph": [
        [
            324.07,
            73.87088000000006,
            484.60263999999995,
            84.91088000000002
        ],
        [
            324.07,
            88.75088000000005,
            511.96647999999993,
            99.79088000000002
        ],
        [
            324.07,
            103.37264000000005,
            486.35679999999996,
            117.41264000000001
        ],
        [
            324.07,
            121.85264000000006,
            430.53999999999996,
            135.89264000000003
        ],
        [
            324.07,
            140.4526400000001,
            513.7129600000001,
            154.49264000000005
        ],
        [
            324.07,
            159.07088,
            509.40880000000004,
            170.11087999999995
        ],
        [
            324.07,
            173.95087999999998,
            509.50552,
            184.99087999999995
        ],
        [
            324.07,
            188.5726400000001,
            521.89,
            202.61264000000006
        ],
        [
            324.07,
            207.05264,
            509.55244000000005,
            221.09263999999996
        ],
        [
            324.07,
            225.65264000000002,
            505.3123599999999,
            239.69263999999998
        ],
        [
            324.07,
            244.16264,
            521.29,
            258.20264
        ],
        [
            324.07,
            262.64264000000003,
            509.9596,
            276.68264
        ],
        [
            324.07,
            281.24264,
            512.96416,
            295.28264
        ],
        [
            324.07,
            299.72264,
            495.68344,
            313.76264000000003
        ],
        [
            324.07,
            318.34088,
            419.7388,
            329.38088
        ],
        [
            324.07,
            333.08263999999997,
            510.86283999999995,
            347.12264
        ],
        [
            324.07,
            351.56264,
            495.09124,
            365.60264
        ],
        [
            324.07,
            370.04264,
            465.61,
            384.08264
        ],
        [
            324.07,
            388.64264,
            506.19424000000004,
            402.68264
        ],
        [
            324.07,
            407.28088,
            508.48216,
            418.32088
        ],
        [
            324.07,
            421.90264,
            523.78108,
            435.94264000000004
        ],
        [
            324.07,
            440.50264,
            355.18,
            454.54264
        ],
        [
            324.07,
            458.98264,
            505.9528,
            473.02264
        ],
        [
            324.07,
            477.60088,
            481.6888,
            488.64088
        ],
        [
            324.07,
            492.34264,
            513.90652,
            506.38264000000004
        ],
        [
            324.07,
            510.82264,
            422.02,
            524.86264
        ],
        [
            324.07,
            529.30264,
            475.67391999999995,
            543.34264
        ],
        [
            324.07,
            547.90264,
            491.08984,
            561.94264
        ],
        [
            324.07,
            566.38264,
            510.33868,
            580.42264
        ],
        [
            324.07,
            584.89264,
            498.3688,
            598.93264
        ],
        [
            344.11,
            613.45264,
            472.89304,
            627.4926399999999
        ],
        [
            324.07,
            631.93264,
            484.18215999999995,
            645.97264
        ],
        [
            324.07,
            650.41264,
            493.54684,
            664.45264
        ],
        [
            324.07,
            669.01264,
            512.72548,
            683.05264
        ],
        [
            324.07,
            687.48864,
            501.01612,
            701.52864
        ],
        [
            158.54,
            248.64199999999994,
            221.8388,
            260.64199999999994
        ],
        [
            90.024,
            274.76264000000003,
            283.20035999999993,
            288.80264
        ],
        [
            90.024,
            293.24264,
            278.97432000000003,
            307.28264
        ],
        [
            90.024,
            311.84264,
            277.15999999999997,
            325.88264000000004
        ],
        [
            90.024,
            330.32264,
            279.36744,
            344.36264
        ],
        [
            90.024,
            348.80264,
            282.79319999999996,
            362.84264
        ],
        [
            90.024,
            367.28264,
            176.69,
            381.32264000000004
        ],
        [
            90.024,
            385.88264,
            252.66335999999998,
            399.92264
        ],
        [
            90.024,
            404.38264,
            273.67016,
            418.42264
        ],
        [
            90.024,
            423.00088,
            139.84879999999998,
            434.04087999999996
        ],
        [
            90.024,
            437.88088000000005,
            286.52496,
            448.92088
        ],
        [
            90.024,
            452.64088000000004,
            245.92655999999997,
            463.68088
        ],
        [
            90.024,
            467.38264,
            287.71999999999997,
            481.42264
        ],
        [
            90.024,
            485.86264,
            241.27692,
            499.90264
        ],
        [
            90.024,
            504.46264,
            281.68404,
            518.50264
        ],
        [
            90.024,
            522.94264,
            235.16,
            536.98264
        ],
        [
            90.024,
            541.42264,
            279.04452000000003,
            555.46264
        ],
        [
            90.024,
            559.90264,
            202.39999999999998,
            573.94264
        ],
        [
            90.024,
            578.53264,
            287.90376000000003,
            592.57264
        ],
        [
            90.024,
            597.01264,
            261.31688,
            611.05264
        ],
        [
            90.024,
            615.6308799999999,
            260.15039999999993,
            626.67088
        ],
        [
            90.024,
            630.51088,
            242.3588,
            641.55088
        ],
        [
            90.024,
            645.27088,
            179.9288,
            656.31088
        ],
        [
            90.024,
            660.15088,
            278.00208,
            671.19088
        ],
        [
            90.024,
            675.03088,
            190.6088,
            686.07088
        ],
        [
            90.024,
            689.78688,
            266.9588,
            700.82688
        ],
        [
            90.024,
            704.66688,
            206.3588,
            715.70688
        ]
    ],
    "picture": [
        [
            90.0,
            72.0,
            449.88,
            235.20000000000005
        ]
    ],
    "header": [
        [
            256.97,
            37.850880000000075,
            357.5788,
            48.89088000000004
        ]
    ],
    "footer": [
        [
            251.57,
            745.13088,
            362.97880000000004,
            756.17088
        ]
    ]
}