{
    "image_height": 612,
    "image_width": 792,
    "image_path": "image/document_10_1.png",
    "paragraph": [
        [
            92.064,
            110.81263999999999,
            297.0788,
            124.85264000000001
        ],
        [
            92.064,
            129.29264,
            433.89880000000005,
            143.33264000000003
        ],
        [
            92.064,
            147.77263999999997,
            385.03880000000004,
            161.81264
        ],
        [
            365.57,
            326.542,
            428.85880000000003,
            338.542
        ],
        [
            253.25,
            352.66264,
            705.61,
            366.70264
        ],
        [
            98.424,
            371.14264000000003,
            705.2327999999997,
            385.18264
        ],
        [
            331.25,
            389.62264,
            705.61,
            403.66264
        ],
        [
            218.78,
            408.22263999999996,
            705.61,
            422.26264
        ],
        [
            134.06,
            426.70264,
            705.2071999999998,
            440.74264
        ],
        [
            487.63,
            445.21263999999996,
            705.61,
            459.25264
        ],
        [
            100.46,
            463.81264,
            705.2751199999997,
            477.85263999999995
        ],
        [
            618.94,
            482.29264,
            705.61,
            496.33263999999997
        ],
        [
            120.26,
            500.77264,
            705.61,
            514.81264
        ],
        [
            275.33,
            519.24864,
            704.5288,
            533.28864
        ]
    ],
    "picture": [
        [
            90.0,
            164.51999999999998,
            449.88,
            313.08
        ]
    ],
    "numbered_list": [
        [
            92.064,
            73.73264000000006,
            471.8188,
            87.77264000000002
        ],
        [
            92.064,
            92.21264000000008,
            286.9988,
            106.25264000000004
        ]
    ],
    "header": [
        [
            360.41,
            37.850880000000075,
            434.1388,
            48.89088000000004
        ]
    ],
    "footer": [
        [
            321.89,
            565.10688,
            472.65880000000004,
            576.14688
        ]
    ]
}