{
    "image_height": 792,
    "image_width": 612,
    "image_path": "image/document_1_1.png",
    "title": [
        [
            104.9,
            86.38999999999999,
            511.81880000000007,
            108.35000000000002
        ],
        [
            218.57,
            117.35000000000002,
            398.51296,
            139.31000000000006
        ],
        [
            92.064,
            490.90264,
            342.21880000000004,
            504.94264000000004
        ],
        [
            92.064,
            509.38264,
            371.1388,
            523.42264
        ],
        [
            92.064,
            527.98264,
            452.07019999999994,
            542.02264
        ],
        [
            110.06,
            546.46264,
            193.0388,
            560.5026399999999
        ],
        [
            92.064,
            564.94264,
            316.5188,
            578.98264
        ],
        [
            92.064,
            583.45264,
            356.2588,
            597.4926399999999
        ]
    ],
    "paragraph": [
        [
            100.82,
            172.51088000000004,
            135.7688,
            183.55088
        ],
        [
            100.82,
            186.43088,
            360.79208000000006,
            197.47087999999997
        ],
        [
            244.85,
            172.51088000000004,
            279.7988,
            183.55088
        ],
        [
            388.87,
            172.51088000000004,
            423.8188,
            183.55088
        ],
        [
            388.87,
            186.43088,
            421.77880000000005,
            197.47087999999997
        ],
        [
            244.85,
            199.27088000000003,
            267.3188,
            210.31088
        ]
    ],
    "picture": [
        [
            90.0,
            211.31999999999994,
            450.0,
            451.32
        ]
    ],
    "table_signature": [
        [
            90.024,
            145.29200000000003,
            418.15,
            157.29200000000003
        ]
    ],
    "picture_signature": [
        [
            213.29,
            464.782,
            401.1388,
            476.782
        ]
    ],
    "header": [
        [
            260.45,
            37.850880000000075,
            353.97880000000004,
            48.89088000000004
        ]
    ],
    "footer": [
        [
            239.93,
            745.13088,
            374.6188,
            756.17088
        ]
    ],
    "formula": [
        [
            213.29,
            464.782,
            401.1388,
            476.782
        ],
        [
            95.904,
            170.65999999999997,
            239.444,
            183.5
        ],
        [
            100.82,
            170.65999999999997,
            234.04,
            183.5
        ],
        [
            239.45,
            170.65999999999997,
            383.47,
            183.5
        ],
        [
            244.85,
            170.65999999999997,
            378.07,
            183.5
        ],
        [
            383.47,
            170.65999999999997,
            527.01,
            183.5
        ],
        [
            388.87,
            170.65999999999997,
            522.09,
            183.5
        ],
        [
            94.944,
            169.69998999999996,
            95.904,
            170.65999999999997
        ],
        [
            94.944,
            169.69998999999996,
            95.904,
            170.65999999999997
        ],
        [
            95.904,
            169.69998999999996,
            239.444,
            170.65999999999997
        ],
        [
            239.45,
            169.69998999999996,
            240.41001,
            170.65999999999997
        ],
        [
            240.41,
            169.69998999999996,
            383.47,
            170.65999999999997
        ],
        [
            383.47,
            169.69998999999996,
            384.42999000000003,
            170.65999999999997
        ],
        [
            384.43,
            169.69998999999996,
            527.01,
            170.65999999999997
        ],
        [
            527.02,
            169.69998999999996,
            527.98002,
            170.65999999999997
        ],
        [
            527.02,
            169.69998999999996,
            527.98002,
            170.65999999999997
        ],
        [
            94.944,
            170.65999999999997,
            95.904,
            183.5
        ],
        [
            527.02,
            170.65999999999997,
            527.98002,
            183.5
        ],
        [
            95.904,
            184.58000000000004,
            239.444,
            210.38
        ],
        [
            100.82,
            184.57999999999993,
            234.04,
            197.41999999999996
        ],
        [
            239.45,
            184.58000000000004,
            383.47,
            210.38
        ],
        [
            244.85,
            184.57999999999993,
            378.07,
            197.41999999999996
        ],
        [
            244.85,
            197.41999999999996,
            378.07,
            210.38
        ],
        [
            383.47,
            184.58000000000004,
            527.01,
            210.38
        ],
        [
            388.87,
            184.57999999999993,
            522.09,
            197.41999999999996
        ],
        [
            94.944,
            183.49999000000003,
            95.904,
            184.46000000000004
        ],
        [
            95.904,
            183.49999000000003,
            239.444,
            184.46000000000004
        ],
        [
            239.45,
            183.49999000000003,
            240.41001,
            184.46000000000004
        ],
        [
            240.41,
            183.49999000000003,
            383.47,
            184.46000000000004
        ],
        [
            383.47,
            183.49999000000003,
            384.42999000000003,
            184.46000000000004
        ],
        [
            384.43,
            183.49999000000003,
            527.01,
            184.46000000000004
        ],
        [
            527.02,
            183.49999000000003,
            527.98002,
            184.46000000000004
        ],
        [
            94.944,
            184.46000000000004,
            95.904,
            210.38
        ],
        [
            94.944,
            210.37999000000002,
            95.904,
            211.34000000000003
        ],
        [
            94.944,
            210.37999000000002,
            95.904,
            211.34000000000003
        ],
        [
            95.904,
            210.37999000000002,
            239.444,
            211.34000000000003
        ],
        [
            238.73,
            210.37999000000002,
            239.69001,
            211.34000000000003
        ],
        [
            239.69,
            210.37999000000002,
            383.47,
            211.34000000000003
        ],
        [
            382.75,
            210.37999000000002,
            383.70999,
            211.34000000000003
        ],
        [
            383.71,
            210.37999000000002,
            527.01,
            211.34000000000003
        ],
        [
            527.02,
            184.46000000000004,
            527.98002,
            210.38
        ],
        [
            527.02,
            210.37999000000002,
            527.98002,
            211.34000000000003
        ],
        [
            527.02,
            210.37999000000002,
            527.98002,
            211.34000000000003
        ]
    ]
}