{
    "image_height": 792,
    "image_width": 612,
    "image_path": "image/document_3_3.png",
    "title": [
        [
            92.064,
            269.24264000000005,
            264.53792,
            283.28264
        ],
        [
            110.06,
            287.72264,
            158.0888,
            301.76264000000003
        ],
        [
            92.064,
            306.20264,
            273.7988,
            320.24264
        ],
        [
            92.064,
            324.80264,
            270.19604,
            338.84264
        ],
        [
            110.06,
            343.28264,
            168.5288,
            357.32264000000004
        ],
        [
            92.064,
            361.76264,
            230.01355999999998,
            375.80264
        ],
        [
            110.06,
            380.24264,
            171.1688,
            394.28264
        ]
    ],
    "paragraph": [
        [
            90.024,
            74.83087999999998,
            115.99962,
            85.87087999999994
        ],
        [
            90.024,
            87.79088000000002,
            98.9328,
            98.83087999999998
        ],
        [
            128.06,
            74.83087999999998,
            182.89568,
            85.87087999999994
        ],
        [
            128.06,
            87.79088000000002,
            171.02768,
            98.83087999999998
        ],
        [
            128.06,
            100.63088000000005,
            174.6488,
            111.67088000000001
        ],
        [
            193.13,
            74.83087999999998,
            226.0388,
            85.87087999999994
        ],
        [
            128.06,
            139.39088000000004,
            160.9688,
            150.43088
        ],
        [
            193.13,
            139.39088000000004,
            226.0388,
            150.43088
        ],
        [
            90.024,
            139.39088000000004,
            115.99962,
            150.43088
        ],
        [
            90.024,
            152.23088000000007,
            98.9328,
            163.27088000000003
        ],
        [
            250.37,
            74.83087999999998,
            281.49176,
            85.87087999999994
        ],
        [
            250.37,
            87.79088000000002,
            289.18664,
            98.83087999999998
        ],
        [
            250.37,
            100.63088000000005,
            274.66904000000005,
            111.67088000000001
        ],
        [
            250.37,
            113.59087999999997,
            269.0828,
            124.63087999999993
        ],
        [
            250.37,
            126.43088,
            281.2388,
            137.47087999999997
        ],
        [
            250.37,
            139.39088000000004,
            284.46152,
            150.43088
        ],
        [
            250.37,
            152.23088000000007,
            272.71496,
            163.27088000000003
        ],
        [
            250.37,
            165.19088,
            287.95016,
            176.23087999999996
        ],
        [
            250.37,
            178.03088000000002,
            260.47880000000004,
            189.07088
        ],
        [
            250.37,
            190.99088000000006,
            277.15880000000004,
            202.03088000000002
        ],
        [
            128.06,
            216.67088,
            160.9688,
            227.71087999999997
        ],
        [
            128.06,
            190.99088000000006,
            160.9688,
            202.03088000000002
        ],
        [
            193.13,
            190.99088000000006,
            226.0388,
            202.03088000000002
        ],
        [
            90.024,
            190.99088000000006,
            115.99962,
            202.03088000000002
        ],
        [
            90.024,
            203.83087999999998,
            98.9328,
            214.87087999999994
        ],
        [
            90.024,
            216.67088,
            115.99962,
            227.71087999999997
        ],
        [
            90.024,
            229.63088000000005,
            98.9328,
            240.67088
        ],
        [
            90.024,
            242.50088000000005,
            115.99962,
            253.54088000000002
        ],
        [
            90.024,
            255.46087999999997,
            98.9328,
            266.50087999999994
        ],
        [
            193.13,
            242.50088000000005,
            237.05816,
            253.54088000000002
        ],
        [
            193.13,
            255.46087999999997,
            240.6788,
            266.50087999999994
        ],
        [
            193.13,
            216.67088,
            226.0388,
            227.71087999999997
        ],
        [
            128.06,
            242.50088000000005,
            160.9688,
            253.54088000000002
        ],
        [
            250.37,
            216.67088,
            283.27880000000005,
            227.71087999999997
        ],
        [
            250.37,
            242.50088000000005,
            283.27880000000005,
            253.54088000000002
        ]
    ],
    "header": [
        [
            256.97,
            37.850880000000075,
            357.5788,
            48.89088000000004
        ]
    ],
    "footer": [
        [
            251.57,
            745.13088,
            362.97880000000004,
            756.17088
        ]
    ],