{
    "image_height": 792,
    "image_width": 612,
    "image_path": "image/document_2_3.png",
    "paragraph": [
        [
            90.024,
            74.81000000000006,
            170.47304,
            88.85000000000002
        ],
        [
            90.024,
            90.67088000000001,
            271.6388,
            101.71087999999997
        ],
        [
            90.024,
            111.43088,
            187.9688,
            122.47087999999997
        ],
        [
            90.024,
            134.9326400000001,
            291.30143999999996,
            148.97264000000007
        ],
        [
            90.024,
            153.41264,
            291.32952,
            167.45263999999997
        ],
        [
            90.024,
            172.01264000000003,
            291.38568,
            186.05264
        ],
        [
            90.024,
            190.49264000000005,
            109.84848000000001,
            204.53264000000001
        ],
        [
            257.3106,
            190.49264000000005,
            291.56,
            204.53264000000001
        ],
        [
            90.024,
            208.97264000000007,
            291.30144000000007,
            223.01264000000003
        ],
        [
            90.024,
            227.5726400000001,
            291.3576,
            241.61264000000006
        ],
        [
            234.67811999999998,
            246.08264000000008,
            291.56,
            260.12264000000005
        ],
        [
            161.61396,
            246.08264000000008,
            193.07759999999996,
            260.12264000000005
        ],
        [
            90.024,
            246.08264000000008,
            120.01344,
            260.12264000000005
        ],
        [
            242.09123999999997,
            264.5626400000001,
            291.4278,
            278.60264000000006
        ],
        [
            155.61888,
            264.5626400000001,
            216.45419999999996,
            278.60264000000006
        ],
        [
            90.024,
            264.5626400000001,
            130.10819999999998,
            278.60264000000006
        ],
        [
            90.024,
            283.04264,
            291.37164,
            297.08264
        ],
        [
            90.024,
            301.64264,
            291.3154799999999,
            315.68264
        ],
        [
            188.54267999999996,
            320.12264,
            291.37163999999996,
            334.16264
        ],
        [
            90.024,
            320.12264,
            180.53987999999998,
            334.16264
        ],
        [
            90.024,
            338.60264,
            132.04999999999998,
            352.64264000000003
        ],
        [
            90.024,
            357.20264,
            291.34356,
            371.24264
        ],
        [
            90.024,
            375.68264,
            291.38568,
            389.72264
        ],
        [
            90.024,
            394.16264,
            119.19912000000001,
            408.20264000000003
        ],
        [
            244.815,
            394.16264,
            291.56,
            408.20264000000003
        ],
        [
            90.024,
            412.66264,
            291.32952,
            426.70264000000003
        ],
        [
            90.024,
            431.26264,
            291.3576,
            445.30264
        ],
        [
            90.024,
            449.74264,
            116.79828,
            463.78264
        ],
        [
            237.0228,
            449.74264,
            291.56,
            463.78264
        ],
        [
            90.024,
            468.22264,
            291.56,
            482.26264000000003
        ],
        [
            90.024,
            486.70264,
            291.31548,
            500.74264
        ],
        [
            90.024,
            505.30264,
            291.56,
            519.3426400000001
        ],
        [
            90.024,
            523.78264,
            291.27336,
            537.82264
        ],
        [
            90.024,
            542.26264,
            291.34355999999997,
            556.30264
        ],
        [
            90.024,
            560.86264,
            123.41000000000001,
            574.90264
        ],
        [
            90.024,
            579.37264,
            120.85584000000001,
            593.41264
        ],
        [
            132.2142,
            579.37264,
            291.41815999999994,
            593.41264
        ],
        [
            90.024,
            597.8526400000001,
            291.37163999999996,
            611.89264
        ],
        [
            214.60092,
            616.33264,
            291.38568000000004,
            630.37264
        ],
        [
            90.024,
            616.33264,
            203.24255999999997,
            630.37264
        ],
        [
            90.024,
            634.93264,
            144.8888,
            648.97264
        ]
    ],
    "header": [
        [
            184.22,
            37.850880000000075,
            430.1788,
            48.89088000000004
        ]
    ],
    "footer": [
        [
            207.53,
            745.13088,
            407.0188,
            756.17088
        ]
    ]
}