{
    "image_height": 612,
    "image_width": 792,
    "image_path": "image/document_10_2.png",
    "title": [
        [
            161.3,
            139.25263999999999,
            705.61,
            153.29264
        ],
        [
            261.89,
            228.20263999999997,
            705.61,
            242.24264
        ],
        [
            190.58,
            246.68264,
            708.0088000000001,
            260.72264
        ]
    ],
    "paragraph": [
        [
            145.82,
            73.73264000000006,
            705.5830000000001,
            87.77264000000002
        ],
        [
            414.79,
            92.21264000000008,
            704.5288,
            106.25264000000004
        ],
        [
            142.58,
            120.77263999999997,
            705.61,
            134.81264
        ],
        [
            176.54,
            157.73264,
            704.5288,
            171.77264000000002
        ],
        [
            383.57,
            176.47088000000002,
            704.5288,
            187.51088
        ],
        [
            247.13,
            191.12264,
            705.61,
            205.16264
        ],
        [
            120.02,
            209.72264,
            705.61,
            223.76264000000003
        ]
    ],
    "header": [
        [
            360.41,
            37.850880000000075,
            434.1388,
            48.89088000000004
        ]
    ],
    "footer": [
        [
            321.89,
            565.10688,
            472.65880000000004,
            576.14688
        ]
    ]
}