{
    "image_height": 792,
    "image_width": 612,
    "image_path": "image/document_1_2.png",
    "paragraph": [
        [
            275.57,
            272.52200000000005,
            338.85880000000003,
            284.522
        ],
        [
            110.06,
            298.66088,
            477.55952000000013,
            309.70088
        ],
        [
            90.024,
            313.54088,
            273.1988,
            324.58088
        ],
        [
            90.024,
            328.42088,
            449.0188,
            339.46088
        ],
        [
            90.024,
            343.04264,
            488.50911999999994,
            357.08264
        ],
        [
            90.024,
            361.52263999999997,
            520.8295999999999,
            375.56264
        ],
        [
            90.024,
            380.12264,
            504.80771999999996,
            394.16264
        ],
        [
            90.024,
            398.60264,
            335.02,
            412.64264000000003
        ],
        [
            90.024,
            417.10264,
            504.86388,
            431.14264000000003
        ],
        [
            90.024,
            435.70264,
            454.99352,
            449.74264
        ],
        [
            90.024,
            454.18264,
            333.09880000000004,
            468.22264
        ],
        [
            237.60672,
            553.20088,
            260.52576,
            564.2408800000001
        ],
        [
            90.024,
            482.62264,
            525.1236000000001,
            496.66264
        ],
        [
            90.024,
            501.22264,
            122.69000000000001,
            515.26264
        ],
        [
            90.024,
            519.70264,
            524.4908800000001,
            533.7426399999999
        ],
        [
            480.21072,
            538.32088,
            524.5288,
            549.36088
        ],
        [
            90.024,
            538.32088,
            107.33471999999999,
            549.36088
        ],
        [
            90.024,
            553.20088,
            129.62448,
            564.2408800000001
        ],
        [
            502.1913599999999,
            553.20088,
            524.5288,
            564.2408800000001
        ],
        [
            90.024,
            567.82264,
            525.3772399999999,
            581.86264
        ],
        [
            90.024,
            586.45264,
            149.42723999999998,
            600.4926399999999
        ],
        [
            494.20752000000016,
            586.45264,
            525.61,
            600.4926399999999
        ],
        [
            90.024,
            604.93264,
            525.0955200000001,
            618.97264
        ],
        [
            90.024,
            623.41264,
            117.29,
            637.45264
        ],
        [
            90.024,
            642.01264,
            525.36008,
            656.05264
        ],
        [
            90.024,
            660.4926399999999,
            525.1516800000002,
            674.53264
        ],
        [
            90.024,
            678.97264,
            360.09880000000004,
            693.01264
        ],
        [
            164.5062,
            586.45264,
            265.00451999999996,
            600.4926399999999
        ],
        [
            363.05988,
            586.45264,
            393.06336000000005,
            600.4926399999999
        ],
        [
            318.83387999999997,
            586.45264,
            348.10728,
            600.4926399999999
        ],
        [
            449.9815200000001,
            586.45264,
            479.2408800000002,
            600.4926399999999
        ],
        [
            408.14232000000004,
            586.45264,
            435.0289200000001,
            600.4926399999999
        ],
        [
            280.09752,
            586.45264,
            303.75491999999997,
            600.4926399999999
        ],
        [
            368.39759999999995,
            553.20088,
            394.2091199999999,
            564.2408800000001
        ]
    ],
    "picture": [
        [
            90.0,
            72.0,
            450.0,
            258.96000000000004
        ]
    ],
    "header": [
        [
            260.45,
            37.850880000000075,
            353.97880000000004,
            48.89088000000004
        ]
    ],
    "footer": [
        [
            239.93,
            745.13088,
            374.6188,
            756.17088
        ]
    ]
}