{
    "image_height": 792,
    "image_width": 612,
    "image_path": "image/document_3_2.png",
    "title": [
        [
            90.024,
            73.73264000000006,
            290.93639999999994,
            87.77264000000002
        ],
        [
            90.024,
            92.21264000000008,
            221.0874,
            106.25264000000004
        ],
        [
            90.024,
            110.8126400000001,
            181.60999999999999,
            124.85264000000006
        ],
        [
            90.024,
            129.29264,
            241.40328,
            143.33263999999997
        ],
        [
            90.024,
            147.77264000000002,
            239.97119999999998,
            161.81264
        ],
        [
            90.024,
            166.25264000000004,
            276.68,
            180.29264
        ],
        [
            90.024,
            184.85264000000006,
            281.06628,
            198.89264000000003
        ],
        [
            90.024,
            203.33264000000008,
            251.03471999999996,
            217.37264000000005
        ],
        [
            90.024,
            221.8126400000001,
            255.05015999999995,
            235.85264000000006
        ],
        [
            90.024,
            240.4426400000001,
            279.4938,
            254.48264000000006
        ],
        [
            90.024,
            258.92264,
            272.36148,
            272.96263999999996
        ],
        [
            90.024,
            277.40264,
            276.3348,
            291.44264000000004
        ],
        [
            90.024,
            295.88264,
            248.36711999999997,
            309.92264
        ],
        [
            90.024,
            314.48264,
            290.24,
            328.52264
        ],
        [
            90.024,
            332.96264,
            273.59699999999987,
            347.00264000000004
        ],
        [
            90.024,
            429.34264,
            248.71811999999997,
            443.38264000000004
        ],
        [
            90.024,
            447.82264,
            140.20999999999998,
            461.86264
        ],
        [
            90.024,
            466.30264,
            269.86235999999997,
            480.34264
        ],
        [
            90.024,
            484.90264,
            249.57456,
            498.94264000000004
        ],
        [
            90.024,
            503.38264,
            273.42852000000005,
            517.42264
        ],
        [
            90.024,
            521.86264,
            210.9188,
            535.90264
        ],
        [
            324.07,
            76.19000000000005,
            418.29699999999997,
            97.19000000000005
        ],
        [
            324.07,
            105.71000000000004,
            509.5,
            126.71000000000004
        ],
        [
            324.07,
            135.11,
            514.8340000000001,
            156.11
        ],
        [
            324.07,
            164.63,
            522.709,
            185.63
        ],
        [
            324.07,
            194.14999999999998,
            410.296,
            215.14999999999998
        ]
    ],
    "paragraph": [
        [
            90.024,
            351.58088000000004,
            257.20784,
            362.62088
        ],
        [
            90.024,
            366.46088000000003,
            199.9988,
            377.50088
        ],
        [
            90.024,
            381.22088,
            260.10488000000004,
            392.26088
        ],
        [
            90.024,
            396.10088,
            251.16383999999994,
            407.14088
        ],
        [
            90.024,
            410.86264,
            232.91539999999998,
            424.90264
        ],
        [
            377.95,
            488.782,
            470.52880000000005,
            500.782
        ],
        [
            324.07,
            530.5419999999999,
            451.462,
            542.542
        ],
        [
            324.07,
            546.3820000000001,
            405.31,
            558.3820000000001
        ],
        [
            324.07,
            572.86,
            346.44808,
            583.9
        ],
        [
            324.07,
            586.3,
            332.08504,
            597.34
        ],
        [
            324.07,
            600.51088,
            350.04562,
            611.55088
        ],
        [
            324.07,
            613.35088,
            332.97880000000004,
            624.39088
        ],
        [
            324.07,
            639.15088,
            350.04562,
            650.19088
        ],
        [
            324.07,
            652.11088,
            332.97880000000004,
            663.15088
        ],
        [
            324.07,
            703.70688,
            344.85880000000003,
            714.74688
        ],
        [
            362.11,
            572.86,
            392.44504,
            583.9
        ],
        [
            427.15,
            572.86,
            457.51504,
            583.9
        ],
        [
            484.42,
            572.86,
            514.75504,
            583.9
        ],
        [
            362.11,
            600.51088,
            390.93544,
            611.55088
        ],
        [
            362.11,
            613.35088,
            391.54264000000006,
            624.39088
        ],
        [
            362.11,
            626.31088,
            397.0588,
            637.35088
        ],
        [
            362.11,
            639.15088,
            398.53096000000005,
            650.19088
        ],
        [
            362.11,
            652.11088,
            414.80392,
            663.15088
        ],
        [
            362.11,
            664.95088,
            376.88152,
            675.9908800000001
        ],
        [
            362.11,
            677.91088,
            410.26648,
            688.95088
        ],
        [
            362.11,
            690.74688,
            405.33880000000005,
            701.78688
        ],
        [
            362.11,
            703.70688,
            395.0188,
            714.74688
        ],
        [
            427.15,
            600.51088,
            460.08880000000005,
            611.55088
        ],
        [
            484.42,
            600.51088,
            517.3288,
            611.55088
        ],
        [
            427.15,
            639.15088,
            453.96880000000004,
            650.19088
        ],
        [
            484.42,
            639.15088,
            517.3288,
            650.19088
        ],
        [
            427.15,
            703.70688,
            460.08880000000005,
            714.74688
        ],
        [
            484.42,
            703.70688,
            517.3288,
            714.74688
        ]
    ],
    "picture": [
        [
            324.0,
            219.36,
            684.0,
            459.36
        ]
    ],
    "table_signature": [
        [
            324.07,
            514.702,
            493.21000000000004,
            526.702
        ]
    ],
    "picture_signature": [
        [
            331.39,
            472.942,
            517.702,
            484.942
        ]
    ],
    "header": [
        [
            256.97,
            37.850880000000075,
            357.5788,
            48.89088000000004
        ]
    ],
    "footer": [
        [
            251.57,
            745.13088,
            362.97880000000004,
            756.17088
        ]
    ],