{
    "image_height": 792,
    "image_width": 612,
    "image_path": "image/document_5_2.png",
    "title": [],
    "paragraph": [
        [
            90.024,
            593.10736,
            201.67007999999998,
            718.2673599999999
        ],
        [
            90.024,
            593.10736,
            201.67007999999998,
            718.2673599999999
        ],
        [
            90.024,
            593.10736,
            201.67007999999998,
            718.2673599999999
        ],
        [
            90.024,
            593.10736,
            201.67007999999998,
            718.2673599999999
        ],
        [
            90.024,
            593.10736,
            201.67007999999998,
            718.2673599999999
        ],
        [
            90.024,
            593.10736,
            201.67007999999998,
            718.2673599999999
        ],
        [
            90.024,
            593.10736,
            201.67007999999998,
            718.2673599999999
        ],
        [
            169.39212,
            564.66736,
            213.4356,
            578.70736
        ],
        [
            158.53824,
            368.17735999999996,
            213.46908,
            426.61911999999995
        ],
        [
            158.53824,
            368.17735999999996,
            213.46908,
            426.61911999999995
        ],
        [
            158.53824,
            368.17735999999996,
            213.46908,
            426.61911999999995
        ],
        [
            158.53824,
            368.17735999999996,
            213.46908,
            426.61911999999995
        ],
        [
            90.024,
            82.79136,
            213.49176,
            578.70736
        ],
        [
            90.024,
            82.79136,
            213.49176,
            578.70736
        ],
        [
            90.024,
            82.79136,
            213.49176,
            578.70736
        ],
        [
            90.024,
            82.79136,
            213.49176,
            578.70736
        ],
        [
            90.024,
            82.79136,
            213.49176,
            578.70736
        ],
        [
            90.024,
            82.79136,
            213.49176,
            578.70736
        ],
        [
            90.024,
            82.79136,
            213.49176,
            578.70736
        ],
        [
            90.024,
            82.79136,
            213.49176,
            578.70736
        ],
        [
            90.024,
            82.79136,
            213.49176,
            578.70736
        ],
        [
            90.024,
            82.79136,
            213.49176,
            578.70736
        ],
        [
            90.024,
            82.79136,
            213.49176,
            578.70736
        ],
        [
            90.024,
            82.79136,
            213.49176,
            578.70736
        ],
        [
            90.024,
            82.79136,
            213.49176,
            578.70736
        ],
        [
            90.024,
            82.79136,
            213.49176,
            578.70736
        ],
        [
            90.024,
            82.79136,
            213.49176,
            578.70736
        ],
        [
            90.024,
            82.79136,
            213.49176,
            578.70736
        ],
        [
            90.024,
            82.79136,
            213.49176,
            578.70736
        ],
        [
            90.024,
            82.79136,
            213.49176,
            578.70736
        ],
        [
            90.024,
            82.79136,
            213.49176,
            578.70736
        ],
        [
            90.024,
            82.79136,
            213.49176,
            578.70736
        ],
        [
            90.024,
            82.79136,
            213.49176,
            578.70736
        ],
        [
            90.024,
            82.79136,
            213.49176,
            578.70736
        ],
        [
            90.024,
            82.79136,
            213.49176,
            578.70736
        ],
        [
            90.024,
            82.79136,
            213.49176,
            578.70736
        ],
        [
            90.024,
            82.79136,
            213.49176,
            578.70736
        ],
        [
            90.024,
            82.79136,
            213.49176,
            578.70736
        ],
        [
            90.024,
            82.79136,
            213.49176,
            578.70736
        ],
        [
            90.024,
            82.79136,
            213.49176,
            578.70736
        ],
        [
            90.024,
            82.79136,
            213.49176,
            578.70736
        ],
        [
            90.024,
            82.79136,
            213.49176,
            578.70736
        ],
        [
            90.024,
            82.79136,
            213.49176,
            578.70736
        ],
        [
            90.024,
            82.79136,
            213.49176,
            578.70736
        ],
        [
            90.024,
            82.79136,
            213.49176,
            578.70736
        ],
        [
            90.024,
            82.79136,
            213.49176,
            578.70736
        ],
        [
            90.024,
            82.79136,
            213.49176,
            578.70736
        ],
        [
            90.024,
            82.79136,
            213.49176,
            578.70736
        ],
        [
            90.024,
            82.79136,
            213.49176,
            578.70736
        ],
        [
            149.28672,
            82.79136,
            213.46907999999996,
            126.32911999999999
        ],
        [
            149.28672,
            82.79136,
            213.46907999999996,
            126.32911999999999
        ],
        [
            149.28672,
            82.79136,
            213.46907999999996,
            126.32911999999999
        ],
        [
            232.13,
            743.10912,
            382.41880000000003,
            754.1491199999999
        ],
        [
            246.05,
            352.45736,
            369.58,
            718.2673599999999
        ],
        [
            246.05,
            352.45736,
            369.58,
            718.2673599999999
        ],
        [
            246.05,
            352.45736,
            369.58,
            718.2673599999999
        ],
        [
            246.05,
            352.45736,
            369.58,
            718.2673599999999
        ],
        [
            246.05,
            352.45736,
            369.58,
            718.2673599999999
        ],
        [
            246.05,
            352.45736,
            369.58,
            718.2673599999999
        ],
        [
            246.05,
            352.45736,
            369.58,
            718.2673599999999
        ],
        [
            246.05,
            352.45736,
            369.58,
            718.2673599999999
        ],
        [
            246.05,
            352.45736,
            369.58,
            718.2673599999999
        ],
        [
            246.05,
            352.45736,
            369.58,
            718.2673599999999
        ],
        [
            246.05,
            352.45736,
            369.58,
            718.2673599999999
        ],
        [
            246.05,
            352.45736,
            369.58,
            718.2673599999999
        ],
        [
            246.05,
            352.45736,
            369.58,
            718.2673599999999
        ],
        [
            246.05,
            352.45736,
            369.58,
            718.2673599999999
        ],
        [
            246.05,
            352.45736,
            369.58,
            718.2673599999999
        ],
        [
            246.05,
            352.45736,
            369.58,
            718.2673599999999
        ],
        [
